schedule, result
100, 0.02749387496728754
1000, 0.010322289299775793
10000, 0.0004953740166038646
100000, 5.172361536892838e-05
1000000, 7.13182320600245e-05